{
    "Kp": 11.542239418607934,
    "Ki": 0.001,
    "Kd": 300.0,
    "rise_time": 320.10670223407794,
    "settling_time": 580.1933977992663,
    "overshoot": 84.43498696107316,
    "steady_state_error": 15.24845927977664
}